image_index,filename,timestamp_sec,timestamp_nanosec,capture_time,coordinate_frame,x_north_m,y_east_m,z_down_m,altitude_up_m,heading_rad,heading_deg,roll_rad,pitch_rad,yaw_rad,gimbal_pitch_deg
0,image_000000.jpg,18,580000000,2026-07-18T18:34:39.597,PX4_NED,-0.015293,-0.066593,0.040295,-0.040295,1.59099770,91.157453,nan,nan,1.59099770,nan
1,image_000001.jpg,19,604000000,2026-07-18T18:34:40.600,PX4_NED,-0.026198,-0.079875,0.031300,-0.031300,1.58940494,91.066195,nan,nan,1.58940494,nan
2,image_000002.jpg,20,628000000,2026-07-18T18:34:41.635,PX4_NED,-0.019035,-0.083657,0.015701,-0.015701,1.58883619,91.033608,nan,nan,1.58883619,nan
3,image_000003.jpg,21,652000000,2026-07-18T18:34:42.665,PX4_NED,-0.017156,-0.074070,0.011719,-0.011719,1.58798695,90.984950,nan,nan,1.58798695,nan
4,image_000004.jpg,22,672000000,2026-07-18T18:34:43.694,PX4_NED,-0.028082,-0.077238,-0.000980,0.000980,1.58479798,90.802236,nan,nan,1.58479798,nan
5,image_000005.jpg,23,696000000,2026-07-18T18:34:44.754,PX4_NED,-0.010357,-0.083330,-0.006409,0.006409,1.58360684,90.733988,nan,nan,1.58360684,nan
6,image_000006.jpg,24,720000000,2026-07-18T18:34:45.771,PX4_NED,0.003196,-0.065617,-0.017532,0.017532,1.58229828,90.659013,nan,nan,1.58229828,nan
7,image_000007.jpg,25,744000000,2026-07-18T18:34:46.817,PX4_NED,0.002318,-0.074613,-0.031921,0.031921,1.58039987,90.550243,nan,nan,1.58039987,nan
8,image_000008.jpg,26,764000000,2026-07-18T18:34:47.852,PX4_NED,0.002096,-0.068984,-0.028732,0.028732,1.58021629,90.539724,nan,nan,1.58021629,nan
9,image_000009.jpg,27,788000000,2026-07-18T18:34:48.906,PX4_NED,-0.001400,-0.073132,-0.015835,0.015835,1.57925820,90.484830,nan,nan,1.57925820,nan
10,image_000010.jpg,28,812000000,2026-07-18T18:34:49.933,PX4_NED,-0.002678,-0.079903,-0.003826,0.003826,1.57813954,90.420735,nan,nan,1.57813954,nan
11,image_000011.jpg,29,836000000,2026-07-18T18:34:50.988,PX4_NED,-0.008440,-0.084532,0.005280,-0.005280,1.57666194,90.336075,nan,nan,1.57666194,nan
12,image_000012.jpg,30,856000000,2026-07-18T18:34:52.026,PX4_NED,-0.009538,-0.082256,-0.000416,0.000416,1.57520616,90.252665,nan,nan,1.57520616,nan
13,image_000013.jpg,31,880000000,2026-07-18T18:34:53.049,PX4_NED,-0.007673,-0.075440,0.004055,-0.004055,1.57377255,90.170525,nan,nan,1.57377255,nan
14,image_000014.jpg,32,904000000,2026-07-18T18:34:54.097,PX4_NED,-0.003115,-0.092237,0.004532,-0.004532,1.57254970,90.100461,nan,nan,1.57254970,nan
15,image_000015.jpg,33,928000000,2026-07-18T18:34:55.152,PX4_NED,-0.012861,-0.095380,0.009052,-0.009052,1.57204568,90.071583,nan,nan,1.57204568,nan
16,image_000016.jpg,34,948000000,2026-07-18T18:34:56.186,PX4_NED,-0.015213,-0.096051,0.019375,-0.019375,1.57135785,90.032173,nan,nan,1.57135785,nan
17,image_000017.jpg,35,972000000,2026-07-18T18:34:57.218,PX4_NED,-0.013644,-0.095093,0.019226,-0.019226,1.57069170,89.994006,nan,nan,1.57069170,nan
18,image_000018.jpg,36,996000000,2026-07-18T18:34:58.252,PX4_NED,-0.020756,0.154710,-0.029686,0.029686,1.22032130,69.919260,nan,nan,1.22032130,nan
19,image_000019.jpg,38,20000000,2026-07-18T18:34:59.314,PX4_NED,0.781988,-1.691539,-1.562275,1.562275,0.87033707,49.866641,nan,nan,0.87033707,nan
20,image_000020.jpg,39,40000000,2026-07-18T18:35:00.343,PX4_NED,1.419119,-2.334754,-2.954552,2.954552,-2.33577585,-133.830098,nan,nan,-2.33577585,nan
21,image_000021.jpg,40,64000000,2026-07-18T18:35:01.362,PX4_NED,0.901670,-0.597621,-4.145138,4.145138,-2.05788851,-117.908326,nan,nan,-2.05788851,nan
22,image_000022.jpg,41,88000000,2026-07-18T18:35:02.415,PX4_NED,-0.409775,0.199423,-5.772823,5.772823,-0.05089016,-2.915791,nan,nan,-0.05089016,nan
23,image_000023.jpg,42,112000000,2026-07-18T18:35:03.474,PX4_NED,-0.884898,0.230832,-6.928547,6.928547,-0.12743327,-7.301389,nan,nan,-0.12743327,nan
24,image_000024.jpg,43,132000000,2026-07-18T18:35:04.492,PX4_NED,-0.706856,0.213256,-7.379143,7.379143,-0.04578879,-2.623504,nan,nan,-0.04578879,nan
25,image_000025.jpg,44,156000000,2026-07-18T18:35:05.550,PX4_NED,-0.022288,0.990001,-8.261379,8.261379,0.33707023,19.312701,nan,nan,0.33707023,nan
26,image_000026.jpg,45,180000000,2026-07-18T18:35:06.574,PX4_NED,0.669246,1.966036,-8.618057,8.618057,1.04053080,59.618023,nan,nan,1.04053080,nan
27,image_000027.jpg,46,204000000,2026-07-18T18:35:07.620,PX4_NED,0.693245,2.190481,-8.793388,8.793388,1.17682266,67.426972,nan,nan,1.17682266,nan
28,image_000028.jpg,47,224000000,2026-07-18T18:35:08.677,PX4_NED,0.605755,2.207565,-8.879444,8.879444,1.15964007,66.442482,nan,nan,1.15964007,nan
29,image_000029.jpg,48,248000000,2026-07-18T18:35:09.696,PX4_NED,1.042323,1.968325,-8.925766,8.925766,1.28526068,73.640012,nan,nan,1.28526068,nan
30,image_000030.jpg,49,272000000,2026-07-18T18:35:10.731,PX4_NED,2.361151,1.427140,-8.961777,8.961777,1.42903340,81.877583,nan,nan,1.42903340,nan
31,image_000031.jpg,50,296000000,2026-07-18T18:35:11.777,PX4_NED,3.970938,1.100219,-8.968208,8.968208,1.57295406,90.123629,nan,nan,1.57295406,nan
32,image_000032.jpg,51,316000000,2026-07-18T18:35:12.803,PX4_NED,5.575856,1.046809,-8.980503,8.980503,1.71412039,98.211864,nan,nan,1.71412039,nan
33,image_000033.jpg,52,340000000,2026-07-18T18:35:13.847,PX4_NED,7.179622,1.243569,-8.997334,8.997334,1.85542035,106.307755,nan,nan,1.85542035,nan
34,image_000034.jpg,53,364000000,2026-07-18T18:35:14.882,PX4_NED,8.685023,1.673414,-8.996483,8.996483,1.99703324,114.421576,nan,nan,1.99703324,nan
35,image_000035.jpg,54,388000000,2026-07-18T18:35:15.905,PX4_NED,10.103009,2.290113,-8.995415,8.995415,2.13843775,122.523458,nan,nan,2.13843775,nan
36,image_000036.jpg,55,408000000,2026-07-18T18:35:16.954,PX4_NED,11.377522,3.062137,-8.979309,8.979309,2.27986622,130.626712,nan,nan,2.27986622,nan
37,image_000037.jpg,56,432000000,2026-07-18T18:35:17.991,PX4_NED,12.578807,4.056520,-8.980068,8.980068,2.42333698,138.846981,nan,nan,2.42333698,nan
38,image_000038.jpg,57,456000000,2026-07-18T18:35:19.033,PX4_NED,13.592544,5.195227,-8.982029,8.982029,2.56539178,146.986122,nan,nan,2.56539178,nan
39,image_000039.jpg,58,480000000,2026-07-18T18:35:20.072,PX4_NED,14.477661,6.472147,-8.993385,8.993385,2.70552611,155.015228,nan,nan,2.70552611,nan
40,image_000040.jpg,59,500000000,2026-07-18T18:35:21.097,PX4_NED,15.135814,7.856669,-8.992088,8.992088,2.84735274,163.141295,nan,nan,2.84735274,nan
41,image_000041.jpg,60,524000000,2026-07-18T18:35:22.141,PX4_NED,15.593408,9.294402,-9.004005,9.004005,2.98738384,171.164486,nan,nan,2.98738384,nan
42,image_000042.jpg,61,548000000,2026-07-18T18:35:23.181,PX4_NED,15.890641,10.840845,-9.003727,9.003727,3.12994218,179.332477,nan,nan,3.12994218,nan
43,image_000043.jpg,62,572000000,2026-07-18T18:35:24.249,PX4_NED,15.969314,12.466856,-8.991955,8.991955,-3.00816131,-172.354947,nan,nan,-3.00816131,nan
44,image_000044.jpg,63,592000000,2026-07-18T18:35:25.254,PX4_NED,15.808312,13.923947,-8.992210,8.992210,-2.87151170,-164.525501,nan,nan,-2.87151170,nan
45,image_000045.jpg,64,616000000,2026-07-18T18:35:26.294,PX4_NED,15.382499,15.469544,-8.994755,8.994755,-2.72775340,-156.288757,nan,nan,-2.72775340,nan
46,image_000046.jpg,65,640000000,2026-07-18T18:35:27.330,PX4_NED,14.799102,16.906700,-9.006321,9.006321,-2.58774066,-148.266618,nan,nan,-2.58774066,nan
47,image_000047.jpg,66,664000000,2026-07-18T18:35:28.382,PX4_NED,13.980772,18.264610,-8.989441,8.989441,-2.44467545,-140.069585,nan,nan,-2.44467545,nan
48,image_000048.jpg,67,684000000,2026-07-18T18:35:29.407,PX4_NED,13.029833,19.452271,-8.999477,8.999477,-2.30472803,-132.051189,nan,nan,-2.30472803,nan
49,image_000049.jpg,68,708000000,2026-07-18T18:35:30.471,PX4_NED,11.908655,20.487263,-9.003815,9.003815,-2.16261387,-123.908647,nan,nan,-2.16261387,nan
50,image_000050.jpg,69,732000000,2026-07-18T18:35:31.481,PX4_NED,10.677978,21.350994,-8.997715,8.997715,-2.02492952,-116.019916,nan,nan,-2.02492952,nan
51,image_000051.jpg,70,756000000,2026-07-18T18:35:32.518,PX4_NED,9.283303,22.090363,-8.998028,8.998028,-1.88247871,-107.858085,nan,nan,-1.88247871,nan
52,image_000052.jpg,71,776000000,2026-07-18T18:35:33.562,PX4_NED,7.772988,22.620073,-9.006393,9.006393,-1.73867965,-99.619006,nan,nan,-1.73867965,nan
53,image_000053.jpg,72,800000000,2026-07-18T18:35:34.622,PX4_NED,6.261061,22.909698,-9.003700,9.003700,-1.59709239,-91.506653,nan,nan,-1.59709239,nan
54,image_000054.jpg,73,824000000,2026-07-18T18:35:35.647,PX4_NED,4.706101,22.997221,-8.992924,8.992924,-1.45547545,-83.392600,nan,nan,-1.45547545,nan
55,image_000055.jpg,74,848000000,2026-07-18T18:35:36.684,PX4_NED,3.166870,22.841591,-8.984741,8.984741,-1.31476068,-75.330238,nan,nan,-1.31476068,nan
56,image_000056.jpg,75,868000000,2026-07-18T18:35:37.724,PX4_NED,1.635427,22.466084,-8.990990,8.990990,-1.17230463,-67.168108,nan,nan,-1.17230463,nan
57,image_000057.jpg,76,892000000,2026-07-18T18:35:38.764,PX4_NED,0.186325,21.864719,-9.000275,9.000275,-1.02895164,-58.954587,nan,nan,-1.02895164,nan
58,image_000058.jpg,77,916000000,2026-07-18T18:35:39.803,PX4_NED,-1.161363,21.093241,-8.998470,8.998470,-0.88593596,-50.760392,nan,nan,-0.88593596,nan
59,image_000059.jpg,78,940000000,2026-07-18T18:35:40.841,PX4_NED,-2.383650,20.155525,-8.994373,8.994373,-0.74613416,-42.750338,nan,nan,-0.74613416,nan
60,image_000060.jpg,79,960000000,2026-07-18T18:35:41.873,PX4_NED,-3.438290,19.053139,-8.991856,8.991856,-0.60692143,-34.774037,nan,nan,-0.60692143,nan
61,image_000061.jpg,80,984000000,2026-07-18T18:35:42.917,PX4_NED,-4.350043,17.766516,-8.993259,8.993259,-0.46427983,-26.601275,nan,nan,-0.46427983,nan
62,image_000062.jpg,82,8000000,2026-07-18T18:35:43.965,PX4_NED,-5.076573,16.376488,-9.006390,9.006390,-0.32239506,-18.471876,nan,nan,-0.32239506,nan
63,image_000063.jpg,83,32000000,2026-07-18T18:35:45.006,PX4_NED,-5.590726,14.905237,-8.999451,8.999451,-0.17994098,-10.309859,nan,nan,-0.17994098,nan
64,image_000064.jpg,84,52000000,2026-07-18T18:35:46.044,PX4_NED,-5.886919,13.412097,-9.005489,9.005489,-0.03681289,-2.109223,nan,nan,-0.03681289,nan
65,image_000065.jpg,85,76000000,2026-07-18T18:35:47.091,PX4_NED,-5.990465,11.891278,-8.999462,8.999462,0.10460645,5.993508,nan,nan,0.10460645,nan
66,image_000066.jpg,86,100000000,2026-07-18T18:35:48.123,PX4_NED,-5.841721,10.299698,-9.007023,9.007023,0.24563527,14.073864,nan,nan,0.24563527,nan
67,image_000067.jpg,87,124000000,2026-07-18T18:35:49.150,PX4_NED,-5.505770,8.816049,-8.994862,8.994862,0.38708326,22.178237,nan,nan,0.38708326,nan
68,image_000068.jpg,88,144000000,2026-07-18T18:35:50.199,PX4_NED,-4.961596,7.348937,-8.991829,8.991829,0.52810335,30.258093,nan,nan,0.52810335,nan
69,image_000069.jpg,89,168000000,2026-07-18T18:35:51.231,PX4_NED,-4.219799,5.974718,-8.997128,8.997128,0.66981906,38.377805,nan,nan,0.66981906,nan
70,image_000070.jpg,90,192000000,2026-07-18T18:35:52.269,PX4_NED,-3.252586,4.760942,-8.996819,8.996819,0.81161726,46.502243,nan,nan,0.81161726,nan
71,image_000071.jpg,91,216000000,2026-07-18T18:35:53.448,PX4_NED,-1.972912,3.530044,-8.997543,8.997543,0.97163385,55.670519,nan,nan,0.97163385,nan
72,image_000072.jpg,92,236000000,2026-07-18T18:35:54.590,PX4_NED,-0.583733,2.554215,-9.006458,9.006458,1.12705827,64.575682,nan,nan,1.12705827,nan
73,image_000073.jpg,93,260000000,2026-07-18T18:35:55.398,PX4_NED,0.405889,1.990897,-8.022434,8.022434,1.19622564,68.538681,nan,nan,1.19622564,nan
74,image_000074.jpg,94,284000000,2026-07-18T18:35:56.641,PX4_NED,0.925295,1.880507,-6.526321,6.526321,1.17596805,67.378006,nan,nan,1.17596805,nan
75,image_000075.jpg,95,308000000,2026-07-18T18:35:57.780,PX4_NED,1.173946,1.844851,-6.168350,6.168350,1.28113008,73.403346,nan,nan,1.28113008,nan
76,image_000076.jpg,96,328000000,2026-07-18T18:35:58.565,PX4_NED,1.967758,1.477719,-6.073032,6.073032,1.39318323,79.823519,nan,nan,1.39318323,nan
77,image_000077.jpg,97,352000000,2026-07-18T18:35:59.821,PX4_NED,3.782383,0.972971,-6.029648,6.029648,1.56388688,89.604118,nan,nan,1.56388688,nan
78,image_000078.jpg,98,376000000,2026-07-18T18:36:00.717,PX4_NED,5.233148,0.943855,-6.002853,6.002853,1.68859780,96.749527,nan,nan,1.68859780,nan
79,image_000079.jpg,99,400000000,2026-07-18T18:36:01.914,PX4_NED,7.095539,1.191968,-5.986000,5.986000,1.85232544,106.130430,nan,nan,1.85232544,nan
80,image_000080.jpg,100,420000000,2026-07-18T18:36:02.738,PX4_NED,8.301806,1.520771,-5.986641,5.986641,1.96385586,112.520653,nan,nan,1.96385586,nan
81,image_000081.jpg,101,444000000,2026-07-18T18:36:03.827,PX4_NED,9.786820,2.084924,-5.996288,5.996288,2.11073351,120.936122,nan,nan,2.11073351,nan
82,image_000082.jpg,102,468000000,2026-07-18T18:36:04.987,PX4_NED,11.319649,3.013255,-5.994858,5.994858,2.27223611,130.189539,nan,nan,2.27223611,nan
83,image_000083.jpg,103,492000000,2026-07-18T18:36:05.844,PX4_NED,12.328025,3.817472,-5.995247,5.995247,2.38687325,136.757763,nan,nan,2.38687325,nan
84,image_000084.jpg,104,512000000,2026-07-18T18:36:06.834,PX4_NED,13.346282,4.821562,-5.996666,5.996666,2.52206922,144.503922,nan,nan,2.52206922,nan
85,image_000085.jpg,105,536000000,2026-07-18T18:36:07.859,PX4_NED,14.236750,6.064902,-6.004364,6.004364,2.66064072,152.443484,nan,nan,2.66064072,nan
86,image_000086.jpg,106,560000000,2026-07-18T18:36:09.074,PX4_NED,15.108401,7.698004,-6.006210,6.006210,2.82883263,162.080170,nan,nan,2.82883263,nan
87,image_000087.jpg,107,584000000,2026-07-18T18:36:10.151,PX4_NED,15.610126,9.203073,-5.979935,5.979935,2.97605515,170.515399,nan,nan,2.97605515,nan
88,image_000088.jpg,108,604000000,2026-07-18T18:36:11.277,PX4_NED,15.908873,10.851753,-5.983463,5.983463,3.12823749,179.234805,nan,nan,3.12823749,nan
89,image_000089.jpg,109,628000000,2026-07-18T18:36:12.099,PX4_NED,15.985258,12.045196,-5.980186,5.980186,-3.04371476,-174.392010,nan,nan,-3.04371476,nan
90,image_000090.jpg,110,652000000,2026-07-18T18:36:13.239,PX4_NED,15.832156,13.778036,-5.972012,5.972012,-2.88466740,-165.279267,nan,nan,-2.88466740,nan
91,image_000091.jpg,111,676000000,2026-07-18T18:36:14.397,PX4_NED,15.396524,15.442637,-5.973495,5.973495,-2.73032928,-156.436344,nan,nan,-2.73032928,nan
92,image_000092.jpg,112,696000000,2026-07-18T18:36:15.244,PX4_NED,14.928754,16.621407,-5.985931,5.985931,-2.61348319,-149.741557,nan,nan,-2.61348319,nan
93,image_000093.jpg,113,720000000,2026-07-18T18:36:16.213,PX4_NED,14.264539,17.880238,-6.000957,6.000957,-2.48489928,-142.374241,nan,nan,-2.48489928,nan
94,image_000094.jpg,114,744000000,2026-07-18T18:36:17.320,PX4_NED,13.273486,19.215649,-6.004753,6.004753,-2.33270383,-133.654084,nan,nan,-2.33270383,nan
95,image_000095.jpg,115,768000000,2026-07-18T18:36:18.534,PX4_NED,11.945365,20.480139,-6.008022,6.008022,-2.16585088,-124.094114,nan,nan,-2.16585088,nan
96,image_000096.jpg,116,788000000,2026-07-18T18:36:19.584,PX4_NED,10.679209,21.411812,-6.009190,6.009190,-2.02153921,-115.825665,nan,nan,-2.02153921,nan
97,image_000097.jpg,117,812000000,2026-07-18T18:36:20.403,PX4_NED,9.587901,21.976963,-6.007748,6.007748,-1.91090858,-109.486997,nan,nan,-1.91090858,nan
98,image_000098.jpg,118,836000000,2026-07-18T18:36:21.484,PX4_NED,8.051188,22.537004,-5.995502,5.995502,-1.76399100,-101.069239,nan,nan,-1.76399100,nan
99,image_000099.jpg,119,860000000,2026-07-18T18:36:22.499,PX4_NED,6.553739,22.875042,-5.988392,5.988392,-1.62421322,-93.060562,nan,nan,-1.62421322,nan
100,image_000100.jpg,120,880000000,2026-07-18T18:36:23.636,PX4_NED,4.873103,22.951576,-6.006260,6.006260,-1.46831965,-84.128519,nan,nan,-1.46831965,nan
101,image_000101.jpg,121,904000000,2026-07-18T18:36:24.675,PX4_NED,3.303739,22.822672,-6.006348,6.006348,-1.32567012,-75.955303,nan,nan,-1.32567012,nan
102,image_000102.jpg,122,928000000,2026-07-18T18:36:25.585,PX4_NED,2.031295,22.559986,-6.002159,6.002159,-1.20489073,-69.035153,nan,nan,-1.20489073,nan
103,image_000103.jpg,123,952000000,2026-07-18T18:36:26.668,PX4_NED,0.446984,22.004078,-6.008995,6.008995,-1.05440986,-60.413235,nan,nan,-1.05440986,nan
104,image_000104.jpg,124,972000000,2026-07-18T18:36:27.646,PX4_NED,-0.827566,21.317192,-6.006641,6.006641,-0.92315674,-52.892985,nan,nan,-0.92315674,nan
105,image_000105.jpg,125,996000000,2026-07-18T18:36:28.805,PX4_NED,-2.189084,20.304258,-6.000019,6.000019,-0.76510954,-43.837547,nan,nan,-0.76510954,nan
106,image_000106.jpg,127,20000000,2026-07-18T18:36:29.897,PX4_NED,-3.332441,19.127144,-5.996948,5.996948,-0.61479485,-35.225150,nan,nan,-0.61479485,nan
107,image_000107.jpg,128,44000000,2026-07-18T18:36:30.820,PX4_NED,-4.143083,18.001829,-5.998676,5.998676,-0.48949787,-28.046162,nan,nan,-0.48949787,nan
108,image_000108.jpg,129,64000000,2026-07-18T18:36:31.756,PX4_NED,-4.853205,16.808540,-6.000835,6.000835,-0.36179098,-20.729096,nan,nan,-0.36179098,nan
109,image_000109.jpg,130,88000000,2026-07-18T18:36:32.792,PX4_NED,-5.468768,15.395487,-6.000549,6.000549,-0.22168493,-12.701611,nan,nan,-0.22168493,nan
110,image_000110.jpg,131,112000000,2026-07-18T18:36:33.830,PX4_NED,-5.829692,13.865460,-6.008286,6.008286,-0.07923722,-4.539958,nan,nan,-0.07923722,nan
111,image_000111.jpg,132,136000000,2026-07-18T18:36:34.872,PX4_NED,-5.997282,12.301382,-6.003792,6.003792,0.06466831,3.705221,nan,nan,0.06466831,nan
112,image_000112.jpg,133,156000000,2026-07-18T18:36:35.924,PX4_NED,-5.931186,10.766602,-6.005253,6.005253,0.20553131,11.776077,nan,nan,0.20553131,nan
113,image_000113.jpg,134,180000000,2026-07-18T18:36:36.957,PX4_NED,-5.630844,9.225574,-6.003525,6.003525,0.34692699,19.877452,nan,nan,0.34692699,nan
114,image_000114.jpg,135,204000000,2026-07-18T18:36:38.012,PX4_NED,-5.093660,7.720928,-6.000523,6.000523,0.49030644,28.092490,nan,nan,0.49030644,nan
115,image_000115.jpg,136,228000000,2026-07-18T18:36:39.009,PX4_NED,-4.423335,6.379929,-6.011105,6.011105,0.62892962,36.035013,nan,nan,0.62892962,nan
116,image_000116.jpg,137,248000000,2026-07-18T18:36:40.052,PX4_NED,-3.542886,5.138042,-6.002224,6.002224,0.76851398,44.032607,nan,nan,0.76851398,nan
117,image_000117.jpg,138,272000000,2026-07-18T18:36:41.076,PX4_NED,-2.501902,3.995361,-6.002369,6.002369,0.90895170,52.079096,nan,nan,0.90895170,nan
118,image_000118.jpg,139,296000000,2026-07-18T18:36:42.133,PX4_NED,-1.269243,2.980783,-6.005527,6.005527,1.05300152,60.332543,nan,nan,1.05300152,nan
119,image_000119.jpg,140,320000000,2026-07-18T18:36:43.191,PX4_NED,0.069138,2.172901,-5.521248,5.521248,1.18766367,68.048116,nan,nan,1.18766367,nan
120,image_000120.jpg,141,340000000,2026-07-18T18:36:44.205,PX4_NED,0.820466,1.838577,-4.445881,4.445881,1.17593551,67.376142,nan,nan,1.17593551,nan
121,image_000121.jpg,142,364000000,2026-07-18T18:36:45.227,PX4_NED,0.934521,1.903021,-4.172649,4.172649,1.19013166,68.189521,nan,nan,1.19013166,nan
122,image_000122.jpg,143,388000000,2026-07-18T18:36:46.279,PX4_NED,1.557824,1.651704,-4.059593,4.059593,1.34649062,77.148230,nan,nan,1.34649062,nan
123,image_000123.jpg,144,412000000,2026-07-18T18:36:47.311,PX4_NED,2.900699,1.156729,-4.034519,4.034519,1.47816861,84.692823,nan,nan,1.47816861,nan
124,image_000124.jpg,145,432000000,2026-07-18T18:36:48.347,PX4_NED,4.500443,0.946551,-4.026253,4.026253,1.62502027,93.106803,nan,nan,1.62502027,nan
125,image_000125.jpg,146,456000000,2026-07-18T18:36:49.425,PX4_NED,6.138484,1.043193,-4.010670,4.010670,1.76917088,101.366025,nan,nan,1.76917088,nan
126,image_000126.jpg,147,480000000,2026-07-18T18:36:50.420,PX4_NED,7.670556,1.323287,-3.991592,3.991592,1.90642023,109.229833,nan,nan,1.90642023,nan
127,image_000127.jpg,148,504000000,2026-07-18T18:36:51.485,PX4_NED,9.215649,1.849251,-3.999516,3.999516,2.05270290,117.611213,nan,nan,2.05270290,nan
128,image_000128.jpg,149,524000000,2026-07-18T18:36:52.511,PX4_NED,10.610013,2.576041,-4.001160,4.001160,2.19477558,125.751378,nan,nan,2.19477558,nan
129,image_000129.jpg,150,548000000,2026-07-18T18:36:53.543,PX4_NED,11.842022,3.424760,-3.999004,3.999004,2.33187222,133.606437,nan,nan,2.33187222,nan
130,image_000130.jpg,151,572000000,2026-07-18T18:36:54.578,PX4_NED,12.984532,4.453317,-3.999748,3.999748,2.47327781,141.708380,nan,nan,2.47327781,nan
131,image_000131.jpg,152,596000000,2026-07-18T18:36:55.625,PX4_NED,13.998514,5.687083,-4.003429,4.003429,2.61829329,150.017155,nan,nan,2.61829329,nan
132,image_000132.jpg,153,616000000,2026-07-18T18:36:56.665,PX4_NED,14.782825,6.984676,-4.001282,4.001282,2.75955439,158.110820,nan,nan,2.75955439,nan
133,image_000133.jpg,154,640000000,2026-07-18T18:36:57.696,PX4_NED,15.384673,8.363912,-3.998970,3.998970,2.89747190,166.012911,nan,nan,2.89747190,nan
134,image_000134.jpg,155,664000000,2026-07-18T18:36:58.764,PX4_NED,15.778008,9.927520,-3.983021,3.983021,3.04637575,174.544473,nan,nan,3.04637575,nan
135,image_000135.jpg,156,688000000,2026-07-18T18:36:59.794,PX4_NED,15.976061,11.442441,-3.992477,3.992477,-3.10027122,-177.632457,nan,nan,-3.10027122,nan
136,image_000136.jpg,157,708000000,2026-07-18T18:37:00.822,PX4_NED,15.921969,13.022350,-4.008808,4.008808,-2.95769882,-169.463660,nan,nan,-2.95769882,nan
137,image_000137.jpg,158,732000000,2026-07-18T18:37:01.862,PX4_NED,15.641873,14.589151,-4.012424,4.012424,-2.81343031,-161.197683,nan,nan,-2.81343031,nan
138,image_000138.jpg,159,756000000,2026-07-18T18:37:02.916,PX4_NED,15.195341,16.062178,-4.005695,4.005695,-2.67293358,-153.147813,nan,nan,-2.67293358,nan
139,image_000139.jpg,160,780000000,2026-07-18T18:37:03.931,PX4_NED,14.531937,17.451157,-4.000896,4.000896,-2.53165269,-145.053014,nan,nan,-2.53165269,nan
140,image_000140.jpg,161,800000000,2026-07-18T18:37:04.962,PX4_NED,13.679542,18.709173,-4.006783,4.006783,-2.39149094,-137.022337,nan,nan,-2.39149094,nan
141,image_000141.jpg,162,824000000,2026-07-18T18:37:06.002,PX4_NED,12.652787,19.876291,-4.003887,4.003887,-2.24995518,-128.912936,nan,nan,-2.24995518,nan
142,image_000142.jpg,163,848000000,2026-07-18T18:37:07.051,PX4_NED,11.469593,20.865952,-4.012791,4.012791,-2.10860777,-120.814326,nan,nan,-2.10860777,nan
143,image_000143.jpg,164,872000000,2026-07-18T18:37:08.081,PX4_NED,10.116136,21.693251,-3.991707,3.991707,-1.96809208,-112.763370,nan,nan,-1.96809208,nan
144,image_000144.jpg,165,892000000,2026-07-18T18:37:09.118,PX4_NED,8.722948,22.300106,-3.992962,3.992962,-1.82761717,-104.714750,nan,nan,-1.82761717,nan
145,image_000145.jpg,166,916000000,2026-07-18T18:37:10.165,PX4_NED,7.236289,22.737541,-3.991024,3.991024,-1.68258691,-96.405129,nan,nan,-1.68258691,nan
146,image_000146.jpg,167,940000000,2026-07-18T18:37:11.213,PX4_NED,5.679604,22.965557,-4.006145,4.006145,-1.54111123,-88.299169,nan,nan,-1.54111123,nan
147,image_000147.jpg,168,964000000,2026-07-18T18:37:12.268,PX4_NED,4.083180,22.947365,-4.000767,4.000767,-1.39797974,-80.098339,nan,nan,-1.39797974,nan
148,image_000148.jpg,169,984000000,2026-07-18T18:37:13.313,PX4_NED,2.543731,22.697859,-4.004177,4.004177,-1.25610828,-71.969703,nan,nan,-1.25610828,nan
149,image_000149.jpg,171,8000000,2026-07-18T18:37:14.318,PX4_NED,1.075892,22.267294,-4.000744,4.000744,-1.11722398,-64.012219,nan,nan,-1.11722398,nan
150,image_000150.jpg,172,32000000,2026-07-18T18:37:15.352,PX4_NED,-0.307001,21.639736,-3.996933,3.996933,-0.97682554,-55.967980,nan,nan,-0.97682554,nan
151,image_000151.jpg,173,56000000,2026-07-18T18:37:16.391,PX4_NED,-1.585822,20.787485,-4.004345,4.004345,-0.83462816,-47.820671,nan,nan,-0.83462816,nan
152,image_000152.jpg,174,76000000,2026-07-18T18:37:17.436,PX4_NED,-2.798585,19.698351,-3.999706,3.999706,-0.68998235,-39.533077,nan,nan,-0.68998235,nan
153,image_000153.jpg,175,100000000,2026-07-18T18:37:18.468,PX4_NED,-3.774695,18.560173,-3.991573,3.991573,-0.55063730,-31.549194,nan,nan,-0.55063730,nan
154,image_000154.jpg,176,124000000,2026-07-18T18:37:19.503,PX4_NED,-4.666935,17.260292,-4.006496,4.006496,-0.40759566,-23.353511,nan,nan,-0.40759566,nan
155,image_000155.jpg,177,148000000,2026-07-18T18:37:20.557,PX4_NED,-5.323259,15.848463,-4.007217,4.007217,-0.26779661,-15.343615,nan,nan,-0.26779661,nan
156,image_000156.jpg,178,168000000,2026-07-18T18:37:21.605,PX4_NED,-5.715574,14.334707,-4.002888,4.002888,-0.12322722,-7.060400,nan,nan,-0.12322722,nan
157,image_000157.jpg,179,192000000,2026-07-18T18:37:22.619,PX4_NED,-5.910785,12.842271,-4.007061,4.007061,0.01455388,0.833876,nan,nan,0.01455388,nan
158,image_000158.jpg,180,216000000,2026-07-18T18:37:23.656,PX4_NED,-5.960464,11.296102,-3.998146,3.998146,0.15475887,8.867030,nan,nan,0.15475887,nan
159,image_000159.jpg,181,240000000,2026-07-18T18:37:24.694,PX4_NED,-5.753277,9.759201,-4.008667,4.008667,0.29682612,17.006884,nan,nan,0.29682612,nan
160,image_000160.jpg,182,260000000,2026-07-18T18:37:25.761,PX4_NED,-5.281261,8.213472,-4.006393,4.006393,0.44386560,25.431625,nan,nan,0.44386560,nan
161,image_000161.jpg,183,284000000,2026-07-18T18:37:26.772,PX4_NED,-4.653173,6.832173,-4.013096,4.013096,0.58271497,33.387109,nan,nan,0.58271497,nan
162,image_000162.jpg,184,308000000,2026-07-18T18:37:27.803,PX4_NED,-3.836324,5.533638,-3.998554,3.998554,0.72231746,41.385742,nan,nan,0.72231746,nan
163,image_000163.jpg,185,332000000,2026-07-18T18:37:28.838,PX4_NED,-2.849663,4.345248,-4.002525,4.002525,0.86256087,49.421097,nan,nan,0.86256087,nan
164,image_000164.jpg,186,352000000,2026-07-18T18:37:29.875,PX4_NED,-1.698845,3.302325,-3.999615,3.999615,1.00397170,57.523341,nan,nan,1.00397170,nan
165,image_000165.jpg,187,376000000,2026-07-18T18:37:30.917,PX4_NED,-0.397197,2.435334,-4.003567,4.003567,1.14647305,65.688067,nan,nan,1.14647305,nan
166,image_000166.jpg,188,400000000,2026-07-18T18:37:31.958,PX4_NED,0.312642,1.060667,-3.657547,3.657547,1.17426181,67.280246,nan,nan,1.17426181,nan
167,image_000167.jpg,189,424000000,2026-07-18T18:37:32.978,PX4_NED,0.097477,0.095954,-3.552555,3.552555,1.17744482,67.462619,nan,nan,1.17744482,nan
168,image_000168.jpg,190,444000000,2026-07-18T18:37:34.015,PX4_NED,0.070943,0.050627,-3.792770,3.792770,1.17540073,67.345501,nan,nan,1.17540073,nan
169,image_000169.jpg,191,468000000,2026-07-18T18:37:35.062,PX4_NED,0.103446,0.044850,-4.308060,4.308060,1.17777503,67.481538,nan,nan,1.17777503,nan
170,image_000170.jpg,192,492000000,2026-07-18T18:37:36.098,PX4_NED,0.031964,-0.002095,-4.886189,4.886189,1.17727625,67.452961,nan,nan,1.17727625,nan
171,image_000171.jpg,193,516000000,2026-07-18T18:37:37.141,PX4_NED,-0.002092,0.010223,-5.495487,5.495487,1.17709172,67.442388,nan,nan,1.17709172,nan
172,image_000172.jpg,194,536000000,2026-07-18T18:37:38.171,PX4_NED,-0.021838,0.013214,-6.107754,6.107754,1.17705047,67.440024,nan,nan,1.17705047,nan
173,image_000173.jpg,195,560000000,2026-07-18T18:37:39.231,PX4_NED,-0.029222,0.012243,-6.706409,6.706409,1.17723119,67.450379,nan,nan,1.17723119,nan
174,image_000174.jpg,196,584000000,2026-07-18T18:37:40.248,PX4_NED,-0.032900,0.020586,-7.330273,7.330273,1.17707133,67.441220,nan,nan,1.17707133,nan
175,image_000175.jpg,197,608000000,2026-07-18T18:37:41.285,PX4_NED,-0.046349,0.019757,-7.486935,7.486935,1.17714167,67.445249,nan,nan,1.17714167,nan
176,image_000176.jpg,198,628000000,2026-07-18T18:37:42.352,PX4_NED,-0.003328,0.029760,-7.070480,7.070480,1.17717671,67.447257,nan,nan,1.17717671,nan
177,image_000177.jpg,199,652000000,2026-07-18T18:37:43.544,PX4_NED,0.019848,0.019246,-6.451607,6.451607,1.17732775,67.455911,nan,nan,1.17732775,nan
178,image_000178.jpg,200,676000000,2026-07-18T18:37:44.386,PX4_NED,0.000861,-0.008352,-5.981609,5.981609,1.17712104,67.444068,nan,nan,1.17712104,nan
179,image_000179.jpg,201,700000000,2026-07-18T18:37:45.496,PX4_NED,-0.001840,0.009195,-5.327370,5.327370,1.17706656,67.440946,nan,nan,1.17706656,nan
180,image_000180.jpg,202,720000000,2026-07-18T18:37:46.534,PX4_NED,0.028941,0.018047,-4.703175,4.703175,1.17713201,67.444696,nan,nan,1.17713201,nan
181,image_000181.jpg,203,744000000,2026-07-18T18:37:47.683,PX4_NED,0.209261,0.090707,-4.146786,4.146786,1.25124466,71.691038,nan,nan,1.25124466,nan
182,image_000182.jpg,204,768000000,2026-07-18T18:37:48.571,PX4_NED,4.534824,1.613368,-3.709419,3.709419,1.67793012,96.138314,nan,nan,1.67793012,nan
183,image_000183.jpg,205,792000000,2026-07-18T18:37:49.624,PX4_NED,13.181952,4.919915,-3.663727,3.663727,2.39076042,136.980482,nan,nan,2.39076042,nan
184,image_000184.jpg,206,812000000,2026-07-18T18:37:50.851,PX4_NED,16.871481,7.140432,-3.612942,3.612942,2.81206036,161.119190,nan,nan,2.81206036,nan
185,image_000185.jpg,207,836000000,2026-07-18T18:37:51.883,PX4_NED,16.742788,7.355737,-3.963123,3.963123,2.72670126,156.228474,nan,nan,2.72670126,nan
186,image_000186.jpg,208,860000000,2026-07-18T18:37:52.958,PX4_NED,16.770374,7.175837,-4.529297,4.529297,2.75319719,157.746579,nan,nan,2.75319719,nan
187,image_000187.jpg,209,884000000,2026-07-18T18:37:53.926,PX4_NED,16.777308,7.013208,-5.053394,5.053394,2.74682307,157.381369,nan,nan,2.74682307,nan
188,image_000188.jpg,210,904000000,2026-07-18T18:37:55.026,PX4_NED,16.765625,6.898379,-5.689732,5.689732,2.74827147,157.464356,nan,nan,2.74827147,nan
189,image_000189.jpg,211,928000000,2026-07-18T18:37:55.888,PX4_NED,16.752462,6.859421,-6.210396,6.210396,2.74733710,157.410821,nan,nan,2.74733710,nan
190,image_000190.jpg,212,952000000,2026-07-18T18:37:57.160,PX4_NED,16.771807,6.836587,-6.962948,6.962948,2.74770498,157.431899,nan,nan,2.74770498,nan
191,image_000191.jpg,213,976000000,2026-07-18T18:37:57.945,PX4_NED,16.786720,6.869680,-7.418770,7.418770,2.74749660,157.419960,nan,nan,2.74749660,nan
192,image_000192.jpg,214,996000000,2026-07-18T18:37:59.086,PX4_NED,16.831213,6.925575,-7.388893,7.388893,2.74754667,157.422828,nan,nan,2.74754667,nan
193,image_000193.jpg,216,20000000,2026-07-18T18:38:00.040,PX4_NED,16.872187,6.927166,-6.973690,6.973690,2.74770451,157.431872,nan,nan,2.74770451,nan
194,image_000194.jpg,217,44000000,2026-07-18T18:38:01.142,PX4_NED,16.852606,6.931394,-6.396004,6.396004,2.74762535,157.427336,nan,nan,2.74762535,nan
195,image_000195.jpg,218,68000000,2026-07-18T18:38:02.081,PX4_NED,16.889458,6.974037,-5.854107,5.854107,2.74751592,157.421066,nan,nan,2.74751592,nan
196,image_000196.jpg,219,88000000,2026-07-18T18:38:03.229,PX4_NED,16.907887,7.018783,-5.172764,5.172764,2.74773669,157.433716,nan,nan,2.74773669,nan
197,image_000197.jpg,220,112000000,2026-07-18T18:38:04.421,PX4_NED,16.943058,6.992721,-4.477081,4.477081,2.74775076,157.434522,nan,nan,2.74775076,nan
198,image_000198.jpg,221,136000000,2026-07-18T18:38:05.263,PX4_NED,16.807890,7.299722,-4.147007,4.147007,2.84688115,163.114275,nan,nan,2.84688115,nan
199,image_000199.jpg,222,160000000,2026-07-18T18:38:06.348,PX4_NED,14.243845,13.756581,-3.633350,3.633350,-2.77733350,-159.129488,nan,nan,-2.77733350,nan
200,image_000200.jpg,223,180000000,2026-07-18T18:38:07.496,PX4_NED,10.838284,22.114634,-3.669830,3.669830,-2.11907911,-121.414290,nan,nan,-2.11907911,nan
201,image_000201.jpg,224,204000000,2026-07-18T18:38:08.368,PX4_NED,9.954125,23.834213,-3.611584,3.611584,-1.89401424,-108.519022,nan,nan,-1.89401424,nan
202,image_000202.jpg,225,228000000,2026-07-18T18:38:09.438,PX4_NED,9.929770,23.724529,-3.970306,3.970306,-1.98314428,-113.625798,nan,nan,-1.98314428,nan
203,image_000203.jpg,226,252000000,2026-07-18T18:38:10.468,PX4_NED,9.993602,23.761562,-4.515541,4.515541,-1.95829499,-112.202038,nan,nan,-1.95829499,nan
204,image_000204.jpg,227,272000000,2026-07-18T18:38:11.597,PX4_NED,10.047728,23.759197,-5.148521,5.148521,-1.96463847,-112.565493,nan,nan,-1.96463847,nan
205,image_000205.jpg,228,296000000,2026-07-18T18:38:12.715,PX4_NED,10.070734,23.741096,-5.789539,5.789539,-1.96420360,-112.540576,nan,nan,-1.96420360,nan
206,image_000206.jpg,229,320000000,2026-07-18T18:38:13.778,PX4_NED,10.106229,23.721804,-6.435551,6.435551,-1.96405303,-112.531950,nan,nan,-1.96405303,nan
207,image_000207.jpg,230,344000000,2026-07-18T18:38:14.706,PX4_NED,10.092143,23.736942,-6.997902,6.997902,-1.96451843,-112.558615,nan,nan,-1.96451843,nan
208,image_000208.jpg,231,364000000,2026-07-18T18:38:15.687,PX4_NED,10.088078,23.770395,-7.508976,7.508976,-1.96429229,-112.545658,nan,nan,-1.96429229,nan
209,image_000209.jpg,232,388000000,2026-07-18T18:38:16.804,PX4_NED,10.066525,23.785570,-7.314808,7.314808,-1.96452165,-112.558799,nan,nan,-1.96452165,nan
210,image_000210.jpg,233,412000000,2026-07-18T18:38:17.853,PX4_NED,10.031100,23.826202,-6.825321,6.825321,-1.96446097,-112.555323,nan,nan,-1.96446097,nan
211,image_000211.jpg,234,436000000,2026-07-18T18:38:18.788,PX4_NED,10.022038,23.862066,-6.306080,6.306080,-1.96448946,-112.556955,nan,nan,-1.96448946,nan
212,image_000212.jpg,235,456000000,2026-07-18T18:38:19.797,PX4_NED,10.037589,23.907211,-5.731712,5.731712,-1.96440411,-112.552065,nan,nan,-1.96440411,nan
213,image_000213.jpg,236,480000000,2026-07-18T18:38:20.892,PX4_NED,10.029430,23.939388,-5.092617,5.092617,-1.96430314,-112.546279,nan,nan,-1.96430314,nan
214,image_000214.jpg,237,504000000,2026-07-18T18:38:21.975,PX4_NED,10.008409,23.954159,-4.448181,4.448181,-1.96439791,-112.551709,nan,nan,-1.96439791,nan
215,image_000215.jpg,238,528000000,2026-07-18T18:38:23.022,PX4_NED,8.867639,23.477457,-4.065495,4.065495,-1.77978814,-101.974349,nan,nan,-1.77978814,nan
216,image_000216.jpg,239,548000000,2026-07-18T18:38:23.913,PX4_NED,2.709623,20.936586,-3.662930,3.662930,-1.15703905,-66.293454,nan,nan,-1.15703905,nan
217,image_000217.jpg,240,572000000,2026-07-18T18:38:24.929,PX4_NED,-4.909975,17.808287,-3.681061,3.681061,-0.58715612,-33.641567,nan,nan,-0.58715612,nan
218,image_000218.jpg,241,596000000,2026-07-18T18:38:25.970,PX4_NED,-6.908323,16.912613,-3.645256,3.645256,-0.35169294,-20.150521,nan,nan,-0.35169294,nan
219,image_000219.jpg,242,620000000,2026-07-18T18:38:27.001,PX4_NED,-6.821239,16.980215,-4.036243,4.036243,-0.40542248,-23.228997,nan,nan,-0.40542248,nan
220,image_000220.jpg,243,640000000,2026-07-18T18:38:28.050,PX4_NED,-6.871708,17.018650,-4.608856,4.608856,-0.39014390,-22.353599,nan,nan,-0.39014390,nan
221,image_000221.jpg,244,664000000,2026-07-18T18:38:29.070,PX4_NED,-6.823212,17.072142,-5.180038,5.180038,-0.39363241,-22.553476,nan,nan,-0.39363241,nan
222,image_000222.jpg,245,688000000,2026-07-18T18:38:30.109,PX4_NED,-6.742589,17.107059,-5.791443,5.791443,-0.39270678,-22.500441,nan,nan,-0.39270678,nan
223,image_000223.jpg,246,712000000,2026-07-18T18:38:31.153,PX4_NED,-6.743382,17.110756,-6.410770,6.410770,-0.39293328,-22.513419,nan,nan,-0.39293328,nan
224,image_000224.jpg,247,732000000,2026-07-18T18:38:32.204,PX4_NED,-6.725399,17.104240,-7.044579,7.044579,-0.39299318,-22.516851,nan,nan,-0.39299318,nan
225,image_000225.jpg,248,756000000,2026-07-18T18:38:33.258,PX4_NED,-6.755737,17.095055,-7.523949,7.523949,-0.39318016,-22.527564,nan,nan,-0.39318016,nan
226,image_000226.jpg,249,780000000,2026-07-18T18:38:34.282,PX4_NED,-6.800480,17.076185,-7.295048,7.295048,-0.39318320,-22.527738,nan,nan,-0.39318320,nan
227,image_000227.jpg,250,804000000,2026-07-18T18:38:35.328,PX4_NED,-6.823262,17.059582,-6.822758,6.822758,-0.39318809,-22.528018,nan,nan,-0.39318809,nan
228,image_000228.jpg,251,824000000,2026-07-18T18:38:36.362,PX4_NED,-6.864982,17.029488,-6.245544,6.245544,-0.39314327,-22.525450,nan,nan,-0.39314327,nan
229,image_000229.jpg,252,848000000,2026-07-18T18:38:37.402,PX4_NED,-6.897713,17.012794,-5.654560,5.654560,-0.39334750,-22.537152,nan,nan,-0.39334750,nan
230,image_000230.jpg,253,872000000,2026-07-18T18:38:38.430,PX4_NED,-6.912470,17.024656,-5.050819,5.050819,-0.39314106,-22.525324,nan,nan,-0.39314106,nan
231,image_000231.jpg,254,896000000,2026-07-18T18:38:39.474,PX4_NED,-6.932933,17.031605,-4.420082,4.420082,-0.39324126,-22.531064,nan,nan,-0.39324126,nan
232,image_000232.jpg,255,916000000,2026-07-18T18:38:40.518,PX4_NED,-6.713957,16.440182,-4.494915,4.494915,-0.19695412,-11.284640,nan,nan,-0.19695412,nan
233,image_000233.jpg,256,940000000,2026-07-18T18:38:41.572,PX4_NED,-5.104779,12.547976,-6.725777,6.725777,0.04912774,2.814812,nan,nan,0.04912774,nan
234,image_000234.jpg,257,964000000,2026-07-18T18:38:42.598,PX4_NED,-2.075249,4.938257,-7.528683,7.528683,-0.00829990,-0.475549,nan,nan,-0.00829990,nan
235,image_000235.jpg,258,988000000,2026-07-18T18:38:43.647,PX4_NED,-0.407073,0.922859,-7.827793,7.827793,-0.02012349,-1.152991,nan,nan,-0.02012349,nan
236,image_000236.jpg,260,8000000,2026-07-18T18:38:44.673,PX4_NED,-0.131968,0.428740,-7.413013,7.413013,-0.00506725,-0.290332,nan,nan,-0.00506725,nan
237,image_000237.jpg,261,32000000,2026-07-18T18:38:45.722,PX4_NED,-0.139236,0.473256,-6.594238,6.594238,-0.01792235,-1.026875,nan,nan,-0.01792235,nan
238,image_000238.jpg,262,56000000,2026-07-18T18:38:46.743,PX4_NED,-0.044435,0.182881,-6.010014,6.010014,-0.01996236,-1.143759,nan,nan,-0.01996236,nan
239,image_000239.jpg,263,80000000,2026-07-18T18:38:47.789,PX4_NED,0.018500,0.034667,-5.418209,5.418209,-0.01906103,-1.092117,nan,nan,-0.01906103,nan
240,image_000240.jpg,264,100000000,2026-07-18T18:38:48.839,PX4_NED,0.037617,-0.005096,-4.897610,4.897610,-0.01960044,-1.123022,nan,nan,-0.01960044,nan
241,image_000241.jpg,265,124000000,2026-07-18T18:38:49.853,PX4_NED,0.050955,-0.080154,-4.359436,4.359436,-0.02071489,-1.186876,nan,nan,-0.02071489,nan
242,image_000242.jpg,266,148000000,2026-07-18T18:38:50.919,PX4_NED,0.080368,-0.177542,-3.771164,3.771164,-0.02066099,-1.183787,nan,nan,-0.02066099,nan
243,image_000243.jpg,267,172000000,2026-07-18T18:38:51.945,PX4_NED,0.113564,-0.214151,-3.193897,3.193897,-0.02052787,-1.176160,nan,nan,-0.02052787,nan
