capture_index,filename,capture_time,image_stamp_sec,image_stamp_nanosec,mode,layer_index,x,y,z,yaw_rad,yaw_deg,tilt_deg
0,waypoint_000000.jpg,2026-07-18T19:00:15.272,49,40000000,layer_scan_L1,0,1.5053669214248657,1.5259219408035278,-8.977283477783203,1.4008165747407215,80.26087760461559,-40.0
1,waypoint_000001.jpg,2026-07-18T19:00:16.921,50,656000000,layer_scan_L1,0,3.8692784309387207,1.0973443984985352,-8.987846374511719,1.625816574740722,93.15242799505914,-40.0
2,waypoint_000002.jpg,2026-07-18T19:00:18.590,52,276000000,layer_scan_L1,0,6.345951080322266,1.0513551235198975,-8.975780487060547,1.8508165747407224,106.04397838550268,-40.0
3,waypoint_000003.jpg,2026-07-18T19:00:20.209,53,892000000,layer_scan_L1,0,8.77405834197998,1.583809733390808,-8.992809295654297,2.075816574740723,118.93552877594625,-40.0
4,waypoint_000004.jpg,2026-07-18T19:00:21.892,55,576000000,layer_scan_L1,0,11.030196189880371,2.754957675933838,-8.99639892578125,2.3008165747407237,131.8270791663898,-40.0
5,waypoint_000005.jpg,2026-07-18T19:00:23.550,57,192000000,layer_scan_L1,0,12.941667556762695,4.3190202713012695,-8.9970703125,2.525816574740724,144.71862955683335,-40.0
6,waypoint_000006.jpg,2026-07-18T19:00:25.187,58,808000000,layer_scan_L1,0,14.442291259765625,6.2929301261901855,-8.993858337402344,2.7508165747407247,157.6101799472769,-40.0
7,waypoint_000007.jpg,2026-07-18T19:00:26.831,60,424000000,layer_scan_L1,0,15.454557418823242,8.588766098022461,-8.992744445800781,2.975816574740725,170.50173033772043,-40.0
8,waypoint_000008.jpg,2026-07-18T19:00:28.464,62,44000000,layer_scan_L1,0,15.944653511047363,10.993735313415527,-8.992389678955078,-3.082368732438862,-176.60671927183606,-40.0
9,waypoint_000009.jpg,2026-07-18T19:00:30.141,63,660000000,layer_scan_L1,0,15.876426696777344,13.462699890136719,-9.006614685058594,-2.8573687324388617,-163.71516888139254,-40.0
10,waypoint_000010.jpg,2026-07-18T19:00:31.763,65,308000000,layer_scan_L1,0,15.27756118774414,15.867387771606445,-9.000328063964844,-2.632368732438861,-150.82361849094897,-40.0
11,waypoint_000011.jpg,2026-07-18T19:00:33.419,66,928000000,layer_scan_L1,0,14.153521537780762,18.026123046875,-9.007858276367188,-2.407368732438861,-137.93206810050546,-40.0
12,waypoint_000012.jpg,2026-07-18T19:00:35.086,68,576000000,layer_scan_L1,0,12.539253234863281,19.947317123413086,-8.997371673583984,-2.18236873243886,-125.04051771006188,-40.0
13,waypoint_000013.jpg,2026-07-18T19:00:36.723,70,192000000,layer_scan_L1,0,10.5885648727417,21.472091674804688,-9.010566711425781,-1.9573687324388598,-112.14896731961834,-40.0
14,waypoint_000014.jpg,2026-07-18T19:00:38.362,71,812000000,layer_scan_L1,0,8.34481430053711,22.439226150512695,-9.010467529296875,-1.732368732438859,-99.25741692917478,-40.0
15,waypoint_000015.jpg,2026-07-18T19:00:40.039,73,460000000,layer_scan_L1,0,5.898624897003174,22.923507690429688,-9.005672454833984,-1.5073687324388585,-86.36586653873123,-40.0
16,waypoint_000016.jpg,2026-07-18T19:00:41.689,75,76000000,layer_scan_L1,0,3.438509702682495,22.885488510131836,-9.009559631347656,-1.282368732438858,-73.47431614828766,-40.0
17,waypoint_000017.jpg,2026-07-18T19:00:43.346,76,696000000,layer_scan_L1,0,1.0846511125564575,22.258066177368164,-9.002460479736328,-1.0573687324388574,-60.58276575784411,-40.0
18,waypoint_000018.jpg,2026-07-18T19:00:44.993,78,344000000,layer_scan_L1,0,-1.077830195426941,21.10004997253418,-9.005863189697266,-0.8323687324388569,-47.69121536740056,-40.0
19,waypoint_000019.jpg,2026-07-18T19:00:46.674,79,960000000,layer_scan_L1,0,-3.005821943283081,19.505489349365234,-9.001949310302734,-0.6073687324388565,-34.79966497695701,-40.0
20,waypoint_000020.jpg,2026-07-18T19:00:48.265,81,544000000,layer_scan_L1,0,-4.453033447265625,17.580453872680664,-9.001426696777344,-0.3823687324388558,-21.90811458651345,-40.0
21,waypoint_000021.jpg,2026-07-18T19:00:49.909,83,164000000,layer_scan_L1,0,-5.494045257568359,15.295194625854492,-8.993762969970703,-0.1573687324388555,-9.01656419606991,-40.0
22,waypoint_000022.jpg,2026-07-18T19:00:51.592,84,812000000,layer_scan_L1,0,-5.954597473144531,12.84844970703125,-9.00283432006836,0.06763126756114507,3.8749861943736446,-40.0
23,waypoint_000023.jpg,2026-07-18T19:00:53.231,86,396000000,layer_scan_L1,0,-5.83589506149292,10.429492950439453,-9.007637023925781,0.2926312675611456,16.766536584817196,-40.0
24,waypoint_000024.jpg,2026-07-18T19:00:54.861,88,48000000,layer_scan_L1,0,-5.236749649047852,8.070815086364746,-9.010204315185547,0.5176312675611462,29.658086975260755,-40.0
25,waypoint_000025.jpg,2026-07-18T19:00:56.525,89,696000000,layer_scan_L1,0,-4.067971706390381,5.900236129760742,-8.988517761230469,0.7426312675611467,42.54963736570431,-40.0
26,waypoint_000026.jpg,2026-07-18T19:00:58.180,91,312000000,layer_scan_L1,0,-2.484539747238159,3.9771413803100586,-9.008747100830078,0.9676312675611473,55.44118775614786,-40.0
27,waypoint_000027.jpg,2026-07-18T19:01:03.217,96,264000000,layer_scan_L2,1,1.3970867395401,1.6341311931610107,-6.148921966552734,1.3803620292861758,79.08891847821161,-35.0
28,waypoint_000028.jpg,2026-07-18T19:01:04.724,97,748000000,layer_scan_L2,1,3.529742479324341,1.2338427305221558,-6.052745819091797,1.584907483831631,90.80850974225122,-35.0
29,waypoint_000029.jpg,2026-07-18T19:01:06.223,99,232000000,layer_scan_L2,1,5.778655052185059,1.1410284042358398,-6.0197906494140625,1.789452938377086,102.52810100629081,-35.0
30,waypoint_000030.jpg,2026-07-18T19:01:07.735,100,720000000,layer_scan_L2,1,7.9982590675354,1.440482497215271,-6.004398345947266,1.993998392922541,114.24769227033042,-35.0
31,waypoint_000031.jpg,2026-07-18T19:01:09.239,102,204000000,layer_scan_L2,1,10.06050968170166,2.2480504512786865,-6.002788543701172,2.198543847467996,125.96728353437,-35.0
32,waypoint_000032.jpg,2026-07-18T19:01:11.017,103,656000000,layer_scan_L2,1,11.93764877319336,3.475245714187622,-5.986072540283203,2.403089302013451,137.6868747984096,-35.0
33,waypoint_000033.jpg,2026-07-18T19:01:12.223,104,908000000,layer_scan_L2,1,13.51559829711914,5.061843395233154,-5.9965362548828125,2.607634756558906,149.4064660624492,-35.0
34,waypoint_000034.jpg,2026-07-18T19:01:13.728,106,296000000,layer_scan_L2,1,14.759039878845215,6.918839454650879,-6.006256103515625,2.8121802111043612,161.1260573264888,-35.0
35,waypoint_000035.jpg,2026-07-18T19:01:15.310,107,880000000,layer_scan_L2,1,15.559560775756836,9.026724815368652,-6.000152587890625,3.016725665649816,172.84564859052836,-35.0
36,waypoint_000036.jpg,2026-07-18T19:01:16.883,109,432000000,layer_scan_L2,1,15.963902473449707,11.244803428649902,-6.012001037597656,-3.0619141869843163,-175.4347601454321,-35.0
37,waypoint_000037.jpg,2026-07-18T19:01:18.331,110,848000000,layer_scan_L2,1,15.890849113464355,13.489652633666992,-6.007411956787109,-2.8573687324388617,-163.71516888139254,-35.0
38,waypoint_000038.jpg,2026-07-18T19:01:20.031,112,532000000,layer_scan_L2,1,15.344367027282715,15.679268836975098,-5.992794036865234,-2.6528232778934067,-151.99557761735295,-35.0
39,waypoint_000039.jpg,2026-07-18T19:01:21.303,113,788000000,layer_scan_L2,1,14.364750862121582,17.685691833496094,-6.00299072265625,-2.4482778233479516,-140.27598635331336,-35.0
40,waypoint_000040.jpg,2026-07-18T19:01:22.812,115,372000000,layer_scan_L2,1,13.025463104248047,19.501264572143555,-5.992851257324219,-2.2437323688024966,-128.55639508927376,-35.0
41,waypoint_000041.jpg,2026-07-18T19:01:24.325,116,756000000,layer_scan_L2,1,11.34743881225586,20.94701385498047,-6.008209228515625,-2.0391869142570416,-116.83680382523417,-35.0
42,waypoint_000042.jpg,2026-07-18T19:01:25.751,118,176000000,layer_scan_L2,1,9.350082397460938,22.03415298461914,-5.998382568359375,-1.8346414597115868,-105.11721256119459,-35.0
43,waypoint_000043.jpg,2026-07-18T19:01:27.221,119,924000000,layer_scan_L2,1,7.264286994934082,22.737335205078125,-6.00201416015625,-1.6300960051661317,-93.39762129715498,-35.0
44,waypoint_000044.jpg,2026-07-18T19:01:28.808,121,212000000,layer_scan_L2,1,5.025542736053467,22.977283477783203,-5.999408721923828,-1.4255505506206767,-81.67803003311539,-35.0
45,waypoint_000045.jpg,2026-07-18T19:01:30.356,122,696000000,layer_scan_L2,1,2.8171870708465576,22.735794067382812,-5.9983367919921875,-1.2210050960752215,-69.95843876907578,-35.0
46,waypoint_000046.jpg,2026-07-18T19:01:31.985,124,312000000,layer_scan_L2,1,0.6497584581375122,22.077871322631836,-6.002433776855469,-1.0164596415297666,-58.238847505036205,-35.0
47,waypoint_000047.jpg,2026-07-18T19:01:33.254,125,568000000,layer_scan_L2,1,-1.3363267183303833,20.969070434570312,-5.999214172363281,-0.8119141869843117,-46.51925624099662,-35.0
48,waypoint_000048.jpg,2026-07-18T19:01:34.753,127,52000000,layer_scan_L2,1,-2.9923768043518066,19.51739501953125,-6.0030517578125,-0.6073687324388565,-34.79966497695701,-35.0
49,waypoint_000049.jpg,2026-07-18T19:01:36.530,128,800000000,layer_scan_L2,1,-4.345295429229736,17.71059799194336,-5.993450164794922,-0.4028232778934014,-23.080073712917414,-35.0
50,waypoint_000050.jpg,2026-07-18T19:01:37.764,130,24000000,layer_scan_L2,1,-5.325192451477051,15.707807540893555,-5.997653961181641,-0.19827782334794639,-11.360482448877823,-35.0
51,waypoint_000051.jpg,2026-07-18T19:01:39.233,131,508000000,layer_scan_L2,1,-5.87064266204834,13.56343936920166,-5.995292663574219,0.006267631197508572,0.35910881516176724,-35.0
52,waypoint_000052.jpg,2026-07-18T19:01:40.844,133,60000000,layer_scan_L2,1,-5.938875675201416,11.299627304077148,-6.0013275146484375,0.2108130857429637,12.078700079201367,-35.0
53,waypoint_000053.jpg,2026-07-18T19:01:42.336,134,544000000,layer_scan_L2,1,-5.5741047859191895,9.111200332641602,-5.999813079833984,0.4153585402884187,23.798291343240955,-35.0
54,waypoint_000054.jpg,2026-07-18T19:01:43.725,135,896000000,layer_scan_L2,1,-4.759388446807861,7.025014400482178,-6.004096984863281,0.6199039948338737,35.517882607280555,-35.0
55,waypoint_000055.jpg,2026-07-18T19:01:45.366,137,548000000,layer_scan_L2,1,-3.546354293823242,5.128531455993652,-5.997947692871094,0.8244494493793287,47.23747387132015,-35.0
56,waypoint_000056.jpg,2026-07-18T19:01:46.720,139,32000000,layer_scan_L2,1,-1.9860807657241821,3.5529322624206543,-5.992057800292969,1.0289949039247839,58.95706513535975,-35.0
57,waypoint_000057.jpg,2026-07-18T19:01:51.261,143,320000000,layer_scan_L3,2,1.2566475868225098,1.6838042736053467,-4.097137451171875,1.3599074838316305,77.91695935180768,-40.0
58,waypoint_000058.jpg,2026-07-18T19:01:52.737,144,808000000,layer_scan_L3,2,3.0591630935668945,1.3077400922775269,-4.021793365478516,1.54399839292254,88.4645914894433,-40.0
59,waypoint_000059.jpg,2026-07-18T19:01:53.975,145,996000000,layer_scan_L3,2,5.08807897567749,1.109092354774475,-4.001552581787109,1.7280893020134496,99.01222362707894,-40.0
60,waypoint_000060.jpg,2026-07-18T19:01:55.241,147,248000000,layer_scan_L3,2,7.0995330810546875,1.2418954372406006,-3.998096466064453,1.912180211104359,109.55985576471456,-40.0
61,waypoint_000061.jpg,2026-07-18T19:01:56.563,148,864000000,layer_scan_L3,2,9.05873966217041,1.8013306856155396,-4.005180358886719,2.0962711201952686,120.1074879023502,-40.0
62,waypoint_000062.jpg,2026-07-18T19:01:57.910,150,184000000,layer_scan_L3,2,10.840167999267578,2.7182323932647705,-4.007080078125,2.280362029286178,130.65512003998586,-40.0
63,waypoint_000063.jpg,2026-07-18T19:01:59.283,151,540000000,layer_scan_L3,2,12.463809967041016,3.917855978012085,-4.002788543701172,2.4644529383770877,141.20275217762148,-40.0
64,waypoint_000064.jpg,2026-07-18T19:02:00.618,152,860000000,layer_scan_L3,2,13.82288646697998,5.420689582824707,-4.007205963134766,2.648543847467997,151.75038431525712,-40.0
65,waypoint_000065.jpg,2026-07-18T19:02:01.979,154,212000000,layer_scan_L3,2,14.862499237060547,7.168644428253174,-3.9984283447265625,2.8326347565589067,162.29801645289274,-40.0
66,waypoint_000066.jpg,2026-07-18T19:02:03.337,155,532000000,layer_scan_L3,2,15.590267181396484,9.017240524291992,-3.9993438720703125,3.016725665649816,172.84564859052836,-40.0
67,waypoint_000067.jpg,2026-07-18T19:02:04.682,156,884000000,layer_scan_L3,2,15.94320297241211,11.03474235534668,-4.003078460693359,-3.082368732438862,-176.60671927183606,-40.0
68,waypoint_000068.jpg,2026-07-18T19:02:06.017,158,204000000,layer_scan_L3,2,15.913126945495605,13.073627471923828,-4.005535125732422,-2.8982778233479527,-166.05908713420044,-40.0
69,waypoint_000069.jpg,2026-07-18T19:02:07.386,159,556000000,layer_scan_L3,2,15.528582572937012,15.049586296081543,-4.007282257080078,-2.714186914257043,-155.51145499656482,-40.0
70,waypoint_000070.jpg,2026-07-18T19:02:08.728,160,876000000,layer_scan_L3,2,14.786666870117188,16.91344451904297,-3.9995346069335938,-2.5300960051661336,-144.96382285892918,-40.0
71,waypoint_000071.jpg,2026-07-18T19:02:10.065,162,196000000,layer_scan_L3,2,13.726310729980469,18.623077392578125,-3.9967498779296875,-2.346005096075224,-134.41619072129356,-40.0
72,waypoint_000072.jpg,2026-07-18T19:02:11.444,163,552000000,layer_scan_L3,2,12.408434867858887,20.085784912109375,-3.9975242614746094,-2.1619141869843146,-123.86855858365792,-40.0
73,waypoint_000073.jpg,2026-07-18T19:02:12.807,164,872000000,layer_scan_L3,2,10.773048400878906,21.317419052124023,-3.9954681396484375,-1.977823277893405,-113.32092644602228,-40.0
74,waypoint_000074.jpg,2026-07-18T19:02:14.140,166,192000000,layer_scan_L3,2,8.9767484664917,22.203649520874023,-4.002651214599609,-1.7937323688024955,-102.77329430838665,-40.0
75,waypoint_000075.jpg,2026-07-18T19:02:15.471,167,512000000,layer_scan_L3,2,7.02923583984375,22.769527435302734,-4.009716033935547,-1.6096414597115862,-92.22566217075102,-40.0
76,waypoint_000076.jpg,2026-07-18T19:02:16.817,168,864000000,layer_scan_L3,2,5.012121200561523,22.96491241455078,-4.00848388671875,-1.4255505506206767,-81.67803003311539,-40.0
77,waypoint_000077.jpg,2026-07-18T19:02:18.163,170,184000000,layer_scan_L3,2,3.0035181045532227,22.785219192504883,-3.999847412109375,-1.2414596415297672,-71.13039789547976,-40.0
78,waypoint_000078.jpg,2026-07-18T19:02:19.539,171,536000000,layer_scan_L3,2,1.0248078107833862,22.240686416625977,-3.995441436767578,-1.0573687324388574,-60.58276575784411,-40.0
79,waypoint_000079.jpg,2026-07-18T19:02:20.870,172,856000000,layer_scan_L3,2,-0.7251451015472412,21.336040496826172,-3.990001678466797,-0.873277823347948,-50.035133620208484,-40.0
80,waypoint_000080.jpg,2026-07-18T19:02:22.222,174,176000000,layer_scan_L3,2,-2.353257894515991,20.135299682617188,-4.003299713134766,-0.6891869142570385,-39.487501482572846,-40.0
81,waypoint_000081.jpg,2026-07-18T19:02:23.592,175,528000000,layer_scan_L3,2,-3.7239460945129395,18.673030853271484,-4.009796142578125,-0.5050960051661288,-28.93986934493721,-40.0
82,waypoint_000082.jpg,2026-07-18T19:02:24.948,176,848000000,layer_scan_L3,2,-4.768754959106445,16.953813552856445,-3.9991073608398438,-0.32100509607521943,-18.39223720730158,-40.0
83,waypoint_000083.jpg,2026-07-18T19:02:26.304,178,204000000,layer_scan_L3,2,-5.505361080169678,15.097352027893066,-4.006534576416016,-0.13691418698430985,-7.844605069665943,-40.0
84,waypoint_000084.jpg,2026-07-18T19:02:27.629,179,524000000,layer_scan_L3,2,-5.9054484367370605,13.093324661254883,-3.9956130981445312,0.04717672210659966,2.7030270679696904,-40.0
85,waypoint_000085.jpg,2026-07-18T19:02:28.967,180,844000000,layer_scan_L3,2,-5.939470291137695,11.066819190979004,-4.000728607177734,0.23126763119750907,13.250659205605318,-40.0
86,waypoint_000086.jpg,2026-07-18T19:02:30.312,182,164000000,layer_scan_L3,2,-5.568692207336426,9.106738090515137,-4.004852294921875,0.4153585402884187,23.798291343240955,-40.0
87,waypoint_000087.jpg,2026-07-18T19:02:31.678,183,516000000,layer_scan_L3,2,-4.8536481857299805,7.219438552856445,-4.0087738037109375,0.5994494493793282,34.34592348087659,-40.0
88,waypoint_000088.jpg,2026-07-18T19:02:33.043,184,868000000,layer_scan_L3,2,-3.803213119506836,5.504954814910889,-4.004066467285156,0.7835403584702378,44.89355561851223,-40.0
89,waypoint_000089.jpg,2026-07-18T19:02:34.379,186,188000000,layer_scan_L3,2,-2.464425563812256,3.970294952392578,-3.999134063720703,0.9676312675611473,55.44118775614786,-40.0
90,waypoint_000090.jpg,2026-07-18T19:02:35.716,187,508000000,layer_scan_L3,2,-0.8509858846664429,2.742985248565674,-3.986255645751953,1.151722176652057,65.9888198937835,-40.0
91,waypoint_000091.jpg,2026-07-18T19:02:38.958,190,708000000,pedestal_point_1,-1,0.027757961302995682,-0.06545653194189072,-3.7130165100097656,1.1758165747407208,67.36932721417202,-35.0
92,waypoint_000092.jpg,2026-07-18T19:02:39.985,191,732000000,pedestal_point_1,-1,-0.005616022739559412,0.050293900072574615,-4.176525115966797,1.1758165747407208,67.36932721417202,-35.0
93,waypoint_000093.jpg,2026-07-18T19:02:40.959,192,688000000,pedestal_point_1,-1,0.017239317297935486,0.10906492918729782,-4.709499359130859,1.1758165747407208,67.36932721417202,-35.0
94,waypoint_000094.jpg,2026-07-18T19:02:41.963,193,680000000,pedestal_point_1,-1,0.0011582751758396626,0.14403337240219116,-5.287620544433594,1.1758165747407208,67.36932721417202,-35.0
95,waypoint_000095.jpg,2026-07-18T19:02:43.021,194,704000000,pedestal_point_1,-1,-0.002088162349537015,0.14431218802928925,-5.8635101318359375,1.1758165747407208,67.36932721417202,-35.0
96,waypoint_000096.jpg,2026-07-18T19:02:43.997,195,660000000,pedestal_point_1,-1,0.01018985640257597,0.1076207086443901,-6.475761413574219,1.1758165747407208,67.36932721417202,-35.0
97,waypoint_000097.jpg,2026-07-18T19:02:44.965,196,648000000,pedestal_point_1,-1,-0.0005643826443701982,0.07765503972768784,-7.073955535888672,1.1758165747407208,67.36932721417202,-35.0
98,waypoint_000098.jpg,2026-07-18T19:02:45.973,197,640000000,pedestal_point_1,-1,-0.014071826823055744,0.06365952640771866,-7.527008056640625,1.1758165747407208,67.36932721417202,-35.0
99,waypoint_000099.jpg,2026-07-18T19:02:46.967,198,628000000,pedestal_point_1,-1,-0.005430484190583229,0.059101030230522156,-7.309825897216797,1.1758165747407208,67.36932721417202,-35.0
100,waypoint_000100.jpg,2026-07-18T19:02:47.973,199,620000000,pedestal_point_1,-1,0.0012528594816103578,0.0722808688879013,-6.834690093994141,1.1758165747407208,67.36932721417202,-35.0
101,waypoint_000101.jpg,2026-07-18T19:02:48.982,200,608000000,pedestal_point_1,-1,-0.01230698637664318,0.038456711918115616,-6.313991546630859,1.1758165747407208,67.36932721417202,-35.0
102,waypoint_000102.jpg,2026-07-18T19:02:49.980,201,600000000,pedestal_point_1,-1,-0.004654154181480408,0.011324597522616386,-5.723396301269531,1.1758165747407208,67.36932721417202,-35.0
103,waypoint_000103.jpg,2026-07-18T19:02:50.991,202,588000000,pedestal_point_1,-1,-0.012875616550445557,0.015400992706418037,-5.150428771972656,1.1758165747407208,67.36932721417202,-35.0
104,waypoint_000104.jpg,2026-07-18T19:02:51.962,203,548000000,pedestal_point_1,-1,-0.013160524889826775,0.027610287070274353,-4.560791015625,1.1758165747407208,67.36932721417202,-35.0
105,waypoint_000105.jpg,2026-07-18T19:02:56.461,207,968000000,pedestal_point_2,-1,16.942188262939453,7.0011444091796875,-3.7179298400878906,2.7466129015356175,157.36932721417202,-35.0
106,waypoint_000106.jpg,2026-07-18T19:02:57.493,208,992000000,pedestal_point_2,-1,16.878938674926758,6.860873222351074,-4.171199798583984,2.7466129015356175,157.36932721417202,-35.0
107,waypoint_000107.jpg,2026-07-18T19:02:58.500,209,980000000,pedestal_point_2,-1,16.865270614624023,6.862350940704346,-4.718372344970703,2.7466129015356175,157.36932721417202,-35.0
108,waypoint_000108.jpg,2026-07-18T19:02:59.459,210,940000000,pedestal_point_2,-1,16.79718017578125,6.860732555389404,-5.293327331542969,2.7466129015356175,157.36932721417202,-35.0
109,waypoint_000109.jpg,2026-07-18T19:03:00.468,211,928000000,pedestal_point_2,-1,16.756452560424805,6.867021560668945,-5.862205505371094,2.7466129015356175,157.36932721417202,-35.0
110,waypoint_000110.jpg,2026-07-18T19:03:01.459,212,920000000,pedestal_point_2,-1,16.69072914123535,6.869354248046875,-6.461116790771484,2.7466129015356175,157.36932721417202,-35.0
111,waypoint_000111.jpg,2026-07-18T19:03:02.472,213,908000000,pedestal_point_2,-1,16.73908805847168,6.900725364685059,-7.055248260498047,2.7466129015356175,157.36932721417202,-35.0
112,waypoint_000112.jpg,2026-07-18T19:03:03.470,214,900000000,pedestal_point_2,-1,16.769838333129883,6.928103923797607,-7.526435852050781,2.7466129015356175,157.36932721417202,-35.0
113,waypoint_000113.jpg,2026-07-18T19:03:04.471,215,888000000,pedestal_point_2,-1,16.80156898498535,6.926037788391113,-7.302761077880859,2.7466129015356175,157.36932721417202,-35.0
114,waypoint_000114.jpg,2026-07-18T19:03:05.478,216,880000000,pedestal_point_2,-1,16.816225051879883,6.934709072113037,-6.847145080566406,2.7466129015356175,157.36932721417202,-35.0
115,waypoint_000115.jpg,2026-07-18T19:03:06.473,217,836000000,pedestal_point_2,-1,16.845165252685547,6.959174156188965,-6.306720733642578,2.7466129015356175,157.36932721417202,-35.0
116,waypoint_000116.jpg,2026-07-18T19:03:07.492,218,860000000,pedestal_point_2,-1,16.888917922973633,6.976621150970459,-5.738147735595703,2.7466129015356175,157.36932721417202,-35.0
117,waypoint_000117.jpg,2026-07-18T19:03:08.460,219,816000000,pedestal_point_2,-1,16.919584274291992,6.954351425170898,-5.146961212158203,2.7466129015356175,157.36932721417202,-35.0
118,waypoint_000118.jpg,2026-07-18T19:03:09.469,220,804000000,pedestal_point_2,-1,16.93504524230957,6.940885543823242,-4.558780670166016,2.7466129015356175,157.36932721417202,-35.0
119,waypoint_000119.jpg,2026-07-18T19:03:13.914,225,196000000,pedestal_point_3,-1,9.962903022766113,23.945905685424805,-3.7111968994140625,-1.9657760788490724,-112.63067278582798,-35.0
120,waypoint_000120.jpg,2026-07-18T19:03:14.923,226,184000000,pedestal_point_3,-1,10.089468955993652,23.88426971435547,-4.1745758056640625,-1.9657760788490724,-112.63067278582798,-35.0
121,waypoint_000121.jpg,2026-07-18T19:03:15.950,227,176000000,pedestal_point_3,-1,10.099931716918945,23.877613067626953,-4.719242095947266,-1.9657760788490724,-112.63067278582798,-35.0
122,waypoint_000122.jpg,2026-07-18T19:03:16.947,228,164000000,pedestal_point_3,-1,10.097854614257812,23.786340713500977,-5.2897491455078125,-1.9657760788490724,-112.63067278582798,-35.0
123,waypoint_000123.jpg,2026-07-18T19:03:17.937,229,156000000,pedestal_point_3,-1,10.082833290100098,23.72127914428711,-5.8724517822265625,-1.9657760788490724,-112.63067278582798,-35.0
124,waypoint_000124.jpg,2026-07-18T19:03:18.948,230,144000000,pedestal_point_3,-1,10.095863342285156,23.726926803588867,-6.454364776611328,-1.9657760788490724,-112.63067278582798,-35.0
125,waypoint_000125.jpg,2026-07-18T19:03:19.929,231,136000000,pedestal_point_3,-1,10.084654808044434,23.745805740356445,-7.059757232666016,-1.9657760788490724,-112.63067278582798,-35.0
126,waypoint_000126.jpg,2026-07-18T19:03:20.960,231,860000000,pedestal_point_3,-1,10.054054260253906,23.782445907592773,-7.5341644287109375,-1.9657760788490724,-112.63067278582798,-35.0
127,waypoint_000127.jpg,2026-07-18T19:03:21.905,233,80000000,pedestal_point_3,-1,10.047637939453125,23.810243606567383,-7.308403015136719,-1.9657760788490724,-112.63067278582798,-35.0
128,waypoint_000128.jpg,2026-07-18T19:03:23.227,234,72000000,pedestal_point_3,-1,10.061476707458496,23.83208465576172,-6.833717346191406,-1.9657760788490724,-112.63067278582798,-35.0
129,waypoint_000129.jpg,2026-07-18T19:03:23.977,234,864000000,pedestal_point_3,-1,10.068806648254395,23.868886947631836,-6.308544158935547,-1.9657760788490724,-112.63067278582798,-35.0
130,waypoint_000130.jpg,2026-07-18T19:03:24.962,235,952000000,pedestal_point_3,-1,10.055784225463867,23.883222579956055,-5.7312164306640625,-1.9657760788490724,-112.63067278582798,-35.0
131,waypoint_000131.jpg,2026-07-18T19:03:26.185,237,8000000,pedestal_point_3,-1,10.061880111694336,23.914663314819336,-5.142337799072266,-1.9657760788490724,-112.63067278582798,-35.0
132,waypoint_000132.jpg,2026-07-18T19:03:27.231,238,32000000,pedestal_point_3,-1,10.05899429321289,23.933944702148438,-4.55206298828125,-1.9657760788490724,-112.63067278582798,-35.0
133,waypoint_000133.jpg,2026-07-18T19:03:31.387,242,452000000,pedestal_point_4,-1,-6.925678730010986,16.951644897460938,-3.7003440856933594,-0.3949797520541757,-22.630672785827972,-35.0
134,waypoint_000134.jpg,2026-07-18T19:03:32.415,243,148000000,pedestal_point_4,-1,-6.874637603759766,17.12100601196289,-4.1629486083984375,-0.3949797520541757,-22.630672785827972,-35.0
135,waypoint_000135.jpg,2026-07-18T19:03:33.583,244,336000000,pedestal_point_4,-1,-6.883217811584473,17.10386085510254,-4.703266143798828,-0.3949797520541757,-22.630672785827972,-35.0
136,waypoint_000136.jpg,2026-07-18T19:03:34.360,245,392000000,pedestal_point_4,-1,-6.81173849105835,17.09016227722168,-5.277744293212891,-0.3949797520541757,-22.630672785827972,-35.0
137,waypoint_000137.jpg,2026-07-18T19:03:35.531,246,248000000,pedestal_point_4,-1,-6.745027542114258,17.10730743408203,-5.877590179443359,-0.3949797520541757,-22.630672785827972,-35.0
138,waypoint_000138.jpg,2026-07-18T19:03:36.532,247,240000000,pedestal_point_4,-1,-6.715829372406006,17.121932983398438,-6.467159271240234,-0.3949797520541757,-22.630672785827972,-35.0
139,waypoint_000139.jpg,2026-07-18T19:03:37.421,248,96000000,pedestal_point_4,-1,-6.736435890197754,17.1007080078125,-7.066444396972656,-0.3949797520541757,-22.630672785827972,-35.0
140,waypoint_000140.jpg,2026-07-18T19:03:38.590,249,252000000,pedestal_point_4,-1,-6.744612693786621,17.07952308654785,-7.542125701904297,-0.3949797520541757,-22.630672785827972,-35.0
141,waypoint_000141.jpg,2026-07-18T19:03:39.684,250,340000000,pedestal_point_4,-1,-6.769580841064453,17.068037033081055,-7.306575775146484,-0.3949797520541757,-22.630672785827972,-35.0
142,waypoint_000142.jpg,2026-07-18T19:03:40.431,251,68000000,pedestal_point_4,-1,-6.827502727508545,17.073143005371094,-6.846912384033203,-0.3949797520541757,-22.630672785827972,-35.0
143,waypoint_000143.jpg,2026-07-18T19:03:41.431,252,56000000,pedestal_point_4,-1,-6.861240386962891,17.066837310791016,-6.299793243408203,-0.3949797520541757,-22.630672785827972,-35.0
144,waypoint_000144.jpg,2026-07-18T19:03:42.443,253,80000000,pedestal_point_4,-1,-6.874435901641846,17.05487060546875,-5.73724365234375,-0.3949797520541757,-22.630672785827972,-35.0
145,waypoint_000145.jpg,2026-07-18T19:03:43.662,254,268000000,pedestal_point_4,-1,-6.888625621795654,17.03861427307129,-5.142890930175781,-0.3949797520541757,-22.630672785827972,-35.0
146,waypoint_000146.jpg,2026-07-18T19:03:44.444,255,92000000,pedestal_point_4,-1,-6.930405139923096,17.024246215820312,-4.5460052490234375,-0.3949797520541757,-22.630672785827972,-35.0
